,moved,yield_spread,rate_momentum,inflation_gap,unemployment_momentum,lex2_tilt,lex2_intensity,lex2_hedging
2009-03-03,1.0,0.32000000000000006,-1.25,-0.926654740608222,1.4000000000000004,-0.8016032064128256,0.8016032064128256,0.4008016032064128
2009-04-21,1.0,0.53,-1.0,-0.573975044563289,2.0,-1.1650485436893203,1.1650485436893203,0.3883495145631068
2009-06-04,0.0,0.78,-0.75,-1.6475770925109972,2.2,-0.42979942693409745,0.42979942693409745,0.28653295128939826
2009-07-21,0.0,0.98,-0.25,-1.9127399650959758,2.499999999999999,0.2857142857142857,0.8571428571428572,0.0
2009-09-10,0.0,1.07,0.0,-2.949913644214162,2.6000000000000005,-0.37174721189591076,0.7434944237918215,0.18587360594795538
2009-10-20,0.0,1.03,0.0,-2.7785467128027634,2.499999999999999,-0.24875621890547264,0.7462686567164178,0.0
2009-12-08,0.0,1.16,0.0,-1.9126637554585306,2.1999999999999993,0.0,0.7604562737642585,0.0
2010-01-19,0.0,1.11,0.0,-1.0359333917615992,1.8999999999999995,0.4464285714285714,0.4464285714285714,0.0
2010-03-02,0.0,1.08,0.0,-0.14159292035398163,0.9000000000000004,0.16260162601626016,0.8130081300813009,0.0
2010-04-20,0.0,1.36,0.0,-0.41827768014059785,0.3000000000000007,0.16260162601626016,0.8130081300813009,0.0
2010-06-01,1.0,1.63,0.0,-0.156277436347672,-0.20000000000000107,-1.0273972602739725,2.054794520547945,0.17123287671232876
2010-07-20,1.0,1.24,0.25,-0.6050566695727992,-0.5,-1.0660980810234542,1.9189765458422177,0.21321961620469082
2010-09-08,1.0,0.69,0.5,-0.1691368788143004,-0.6000000000000014,-1.1428571428571428,1.1428571428571428,0.38095238095238093
2010-10-19,0.0,0.5,0.5,-0.2563208369660046,-0.5,-1.1173184357541899,1.1173184357541899,0.5586592178770949
2010-12-07,0.0,0.52,0.25,0.443280977312412,-0.5,-1.3157894736842104,1.644736842105263,0.6578947368421052
2011-01-18,0.0,0.6299999999999999,0.0,-0.003472222222232091,-0.6999999999999993,-0.8310249307479225,1.3850415512465373,0.2770083102493075
2011-03-01,0.0,0.6699999999999999,0.0,0.3457862728062606,-0.6000000000000005,-0.3597122302158274,2.5179856115107913,0.3597122302158274
2011-04-12,0.0,0.6699999999999999,0.0,0.1626297577854725,-0.6000000000000005,0.0,2.512562814070352,0.25125628140703515
2011-05-31,0.0,0.7,0.0,1.2758620689655071,-0.39999999999999947,0.14992503748125938,1.6491754122938531,0.29985007496251875
2011-07-19,0.0,0.51,0.0,1.6973344797936347,-0.4999999999999991,0.39447731755424065,1.9723865877712032,0.591715976331361
2011-09-07,0.0,-0.18000000000000005,0.0,0.7397260273972712,-0.7999999999999989,0.5830903790087464,2.0408163265306123,0.43731778425655976
2011-10-25,0.0,-0.06999999999999995,0.0,1.0848329048843048,-0.7999999999999989,-0.17857142857142858,1.607142857142857,0.35714285714285715
2011-12-06,0.0,-0.06000000000000005,0.0,0.8960817717206044,-0.5999999999999996,-1.015228426395939,2.284263959390863,0.3807106598984772
2012-01-17,0.0,-0.16000000000000003,0.0,0.8936170212765955,-0.3000000000000007,-0.6036217303822937,1.4084507042253522,0.4024144869215292
2012-03-08,0.0,0.07000000000000006,0.0,0.4617996604414216,-0.09999999999999964,-0.91324200913242,1.21765601217656,0.30441400304414
2012-04-17,0.0,0.29000000000000004,0.0,0.6248941574936513,-0.20000000000000018,0.19230769230769232,1.3461538461538463,0.38461538461538464
2012-06-05,0.0,0.27,0.0,0.0033388981636202075,-0.39999999999999947,-0.1579778830963665,1.7377567140600316,0.1579778830963665
2012-07-17,0.0,-0.020000000000000018,0.0,-0.7562189054726369,-0.10000000000000053,-0.4524886877828055,1.3574660633484164,0.4524886877828055
2012-09-05,0.0,0.16999999999999993,0.0,-0.7500000000000044,-0.10000000000000053,-1.2924071082390953,2.5848142164781907,0.48465266558966075
2012-10-23,0.0,0.1200000000000001,0.0,-0.7531172069825436,0.0,-0.22779043280182232,1.5945330296127564,0.683371298405467
2012-12-04,0.0,0.07000000000000006,0.0,-0.8410596026489952,-0.09999999999999964,-0.8944543828264758,1.2522361359570662,0.8944543828264758
2013-01-23,0.0,0.1200000000000001,0.0,-1.1728701406120683,-0.1999999999999993,0.0,2.1141649048625792,0.8456659619450317
2013-03-06,0.0,0.16999999999999993,0.0,-1.5028997514498803,-0.6000000000000005,-0.3194888178913738,1.5974440894568689,0.3194888178913738
2013-04-17,0.0,-0.030000000000000027,0.0,-0.7623762376237613,-0.5,-0.5424954792043399,2.3508137432188065,0.3616636528028933
2013-05-29,0.0,-0.07999999999999996,0.0,-1.5908346972176783,-0.20000000000000018,-0.7874015748031495,2.047244094488189,0.31496062992125984
2013-07-17,0.0,0.1100000000000001,0.0,-1.2628992628992624,-0.5,-1.1135857461024499,2.0044543429844097,0.22271714922048996
2013-09-04,0.0,0.1499999999999999,0.0,-0.6831275720164713,0.0,-0.9363295880149813,1.6853932584269662,0.37453183520599254
2013-10-23,0.0,0.20999999999999996,0.0,-0.9326765188834223,-0.10000000000000053,-0.49019607843137253,1.4705882352941175,0.24509803921568626
2013-12-04,0.0,0.1299999999999999,0.0,-1.3453355155482942,-0.10000000000000053,-0.8213552361396305,1.2320328542094456,0.6160164271047228
2014-01-22,0.0,0.1299999999999999,0.0,-1.0976210008203573,-0.3000000000000007,-0.9009009009009009,2.2522522522522523,0.22522522522522523
2014-03-05,0.0,-0.040000000000000036,0.0,-0.516075845012363,0.20000000000000018,-0.3968253968253968,1.5873015873015872,0.1984126984126984
2014-04-16,0.0,0.0,0.0,-0.859005704971481,0.20000000000000018,-0.672645739910314,1.1210762331838564,0.2242152466367713
2014-06-04,0.0,0.07000000000000006,0.0,0.03748981255094108,-0.10000000000000053,0.0,1.545595054095827,0.3091190108191654
2014-07-16,0.0,0.1100000000000001,0.0,0.2764227642276369,0.20000000000000018,0.43956043956043955,2.197802197802198,0.21978021978021978
2014-09-03,0.0,0.07000000000000006,0.0,0.11210398050365455,-0.20000000000000018,0.39447731755424065,1.5779092702169626,0.19723865877712032
2014-10-22,0.0,0.1200000000000001,0.0,0.11210398050365455,-0.2999999999999998,0.6818181818181818,0.6818181818181818,0.0
2014-12-03,0.0,-0.020000000000000018,0.0,0.35772357723578185,-0.5,-0.38095238095238093,1.5238095238095237,0.38095238095238093
2015-01-21,1.0,0.050000000000000044,0.0,-0.048780487804876316,-0.2999999999999998,0.0,1.9704433497536946,0.0
2015-03-04,0.0,-0.32,-0.25,-1.0251827782290706,-0.5,-0.33112582781456956,1.9867549668874174,0.49668874172185434
2015-04-15,0.0,-0.20999999999999996,-0.25,-0.9524576954069257,-0.39999999999999947,0.0,0.936768149882904,0.0
2015-05-27,0.0,-0.07999999999999996,0.0,-0.7980769230769162,-0.1999999999999993,-0.8445945945945946,1.5202702702702704,0.0
2015-07-15,1.0,-0.14,0.0,-1.1255961844197175,-0.39999999999999947,-0.2364066193853428,1.6548463356973995,0.0
2015-09-09,0.0,-0.08000000000000002,-0.25,-0.7271280827366704,-0.09999999999999964,-0.8237232289950577,1.1532125205930808,0.0
2015-10-21,0.0,0.0,-0.25,-0.7271280827366704,0.09999999999999964,-0.966183574879227,1.4492753623188406,0.0
2015-12-02,0.0,0.08999999999999997,0.0,-0.9674344718030286,0.20000000000000018,-0.8460236886632826,0.8460236886632826,0.0
2016-01-20,0.0,0.020000000000000018,0.0,-0.6443381180223344,0.2999999999999998,-0.6342494714587738,0.6342494714587738,0.0
2016-03-09,0.0,-0.15000000000000002,0.0,0.011263073209978991,0.40000000000000036,-0.3710575139146568,1.1131725417439702,0.1855287569573284
2016-04-13,0.0,0.07999999999999996,0.0,-0.6443381180223344,0.39999999999999947,-0.2070393374741201,0.2070393374741201,0.0
2016-05-25,0.0,0.19999999999999996,0.0,-0.7331749802058622,0.2999999999999998,-0.28735632183908044,0.28735632183908044,0.14367816091954022
2016-07-13,0.0,0.0,0.0,-0.5027580772261491,0.1999999999999993,0.0,0.45977011494252873,0.0
2016-09-07,0.0,0.0,0.0,-0.743126472898668,0.0,0.12642225031605564,0.8849557522123894,0.0
2016-10-19,0.0,0.06999999999999995,0.0,-0.90023566378634,-0.1999999999999993,-0.6036217303822937,1.0060362173038229,0.2012072434607646
2016-12-07,0.0,0.07999999999999996,0.0,-0.5062893081761093,-0.09999999999999964,-0.16393442622950818,1.1475409836065573,0.0
2017-01-18,0.0,0.31999999999999995,0.0,-0.8198269079465064,-0.2999999999999998,-0.7712082262210797,1.2853470437017995,0.0
2017-03-01,0.0,0.27,0.0,0.12933753943218562,-0.2999999999999998,-0.4024144869215292,0.4024144869215292,0.2012072434607646
2017-04-12,0.0,0.35,0.0,0.04563335955940673,-0.7000000000000002,0.6006006006006006,1.8018018018018018,0.3003003003003003
2017-05-24,0.0,0.26,0.0,-0.4362783424550525,-0.5,0.0,1.2965964343598055,0.0
2017-07-12,1.0,0.41000000000000003,0.0,-0.6801242236024834,-0.5,-1.0498687664041995,1.0498687664041995,0.5249343832020997
2017-09-06,1.0,0.5,0.25,-0.8363072148952693,-0.7000000000000002,0.6814310051107325,2.0442930153321974,0.0
2017-10-25,0.0,0.6000000000000001,0.5,-0.6013986013985821,-0.7000000000000002,0.4444444444444444,1.7777777777777777,0.0
2017-12-06,0.0,0.3999999999999999,0.25,-0.6057319907048813,-0.6000000000000005,0.18248175182481752,1.2773722627737227,0.18248175182481752
2018-01-17,1.0,0.6000000000000001,0.0,0.09953343701401174,-0.5999999999999996,0.0,1.3043478260869565,0.21739130434782608
2018-03-07,0.0,0.5800000000000001,0.25,-0.301158301158309,-1.0,-0.3184713375796179,0.9554140127388535,0.3184713375796179
2018-04-18,0.0,0.56,0.25,0.15882806476486167,-0.5999999999999996,0.2074688796680498,0.2074688796680498,0.6224066390041494
2018-05-30,0.0,0.6799999999999999,0.0,0.22392638036810197,-0.7000000000000002,0.3189792663476874,0.6379585326953748,0.3189792663476874
2018-07-11,1.0,0.6499999999999999,0.0,0.22222222222223653,-0.6999999999999993,-0.49019607843137253,0.49019607843137253,0.49019607843137253
2018-09-05,0.0,0.6299999999999999,0.25,0.9907975460122804,-0.39999999999999947,0.5376344086021506,0.5376344086021506,0.35842293906810035
2018-10-24,1.0,0.7000000000000002,0.25,0.8352490421455823,-0.20000000000000018,0.20325203252032523,0.20325203252032523,0.40650406504065045
2018-12-05,0.0,0.6000000000000001,0.25,0.4446142093200729,-0.7000000000000002,0.0,1.0416666666666665,0.1736111111111111
2019-01-09,0.0,0.2799999999999998,0.25,-0.3244478293983315,-0.5,0.0,1.4084507042253522,0.17605633802816903
2019-03-06,0.0,0.08000000000000007,0.0,-0.5573272589217897,-0.20000000000000018,-0.62402496099844,1.24804992199688,0.15600624024961
2019-04-24,0.0,-0.25,0.0,-0.4905660377358494,-0.20000000000000018,-1.0615711252653928,1.0615711252653928,0.42462845010615713
2019-05-29,0.0,-0.18999999999999995,0.0,0.025506376594132796,-0.09999999999999964,-0.35149384885764495,0.7029876977152899,0.35149384885764495
2019-07-10,0.0,-0.27,0.0,0.39880059970014603,-0.40000000000000036,0.24330900243309003,0.24330900243309003,0.0
2019-09-04,0.0,-0.4099999999999999,0.0,0.010424422933732025,-0.20000000000000018,-0.5504587155963303,1.2844036697247707,0.1834862385321101
2019-10-30,0.0,-0.21999999999999997,0.0,-0.13014210919970282,-0.20000000000000018,-0.21551724137931033,1.0775862068965518,0.0
2019-12-04,0.0,-0.1200000000000001,0.0,-0.1357196122296882,0.0,0.0,0.0,0.3780718336483932
2020-01-22,0.0,-0.08000000000000007,0.0,0.1722846441947663,0.20000000000000018,0.0,0.48192771084337355,0.48192771084337355
2020-03-04,1.0,-0.28,0.0,0.39520958083834223,-0.20000000000000018,-0.36101083032490977,1.083032490974729,0.36101083032490977
2020-04-15,0.0,-0.12,-1.0,0.15613382899628725,0.0,0.2028397565922921,0.6085192697768762,0.2028397565922921
2020-06-03,0.0,0.06,-1.5,-2.220588235294128,7.999999999999999,-0.46029919447640966,0.6904487917146145,0.0
2020-07-15,0.0,0.03999999999999998,-0.5,-2.366032210834555,8.7,-0.3252032520325203,0.3252032520325203,0.16260162601626016
2020-09-09,0.0,0.030000000000000027,0.0,-1.8540145985401528,5.2,-0.6142506142506142,0.85995085995086,0.12285012285012285
2020-10-28,0.0,-0.010000000000000009,0.0,-1.8538011695906613,4.3999999999999995,-0.4792332268370607,1.4376996805111821,0.0
2020-12-09,0.0,0.020000000000000018,0.0,-1.3411420204977968,3.4000000000000004,-0.29027576197387517,0.8708272859216255,0.14513788098693758
2021-01-20,0.0,-0.03,0.0,-1.0469208211143926,2.6999999999999993,-0.1557632398753894,1.0903426791277258,0.0
2021-03-10,0.0,-0.06,0.0,-0.9766081871345182,3.6999999999999993,-0.2801120448179272,1.400560224089636,0.0
2021-04-21,0.0,0.0,0.0,-0.908296943231444,2.7,-0.14705882352941177,1.911764705882353,0.0
2021-06-09,0.0,0.04999999999999999,0.0,1.3898305084745894,-5.5,-0.4439511653718091,1.553829078801332,0.11098779134295228
2021-07-14,0.0,0.07,0.0,1.6002939015429947,-5.899999999999999,0.744047619047619,1.636904761904762,0.0
2021-09-08,0.0,0.22999999999999998,0.0,1.7172011661807725,-3.5,0.38022813688212925,1.6476552598225602,0.0
2021-10-27,0.0,0.25,0.0,2.0875912408758985,-3.0,-0.7352941176470588,1.1029411764705883,0.0
2021-12-08,0.0,0.67,0.0,2.6545454545454668,-2.5,0.4243281471004243,1.5558698727015559,0.14144271570014144
2022-01-26,0.0,0.73,0.0,2.720406681191003,-2.5,0.5067567567567568,1.8581081081081081,0.16891891891891891
2022-03-02,1.0,1.03,0.0,3.137481910274988,-2.799999999999999,0.29027576197387517,1.4513788098693758,0.14513788098693758
2022-04-13,1.0,1.3,0.25,3.6875449964002955,-3.0,0.4975124378109453,1.1608623548922055,0.0
2022-06-01,1.0,1.71,0.75,4.77120456165361,-2.799999999999999,1.3404825737265416,1.876675603217158,0.0
2022-07-13,1.0,1.96,1.0,5.730496453900715,-3.1000000000000005,2.766798418972332,3.1620553359683794,0.0
2022-09-07,1.0,0.7799999999999998,1.5,5.589599437807437,-2.6000000000000005,2.8528528528528527,3.153153153153153,0.0
2022-10-26,1.0,0.6400000000000001,1.75,5.012622720897621,-1.8999999999999995,1.89873417721519,2.320675105485232,0.21097046413502107
2022-12-07,1.0,0.40000000000000036,1.25,4.879777623349548,-1.4000000000000004,1.4124293785310735,2.824858757062147,0.0
2023-01-25,1.0,-0.31999999999999984,1.0,4.796116504854388,-1.0999999999999996,2.0930232558139537,2.558139534883721,0.46511627906976744
2023-03-08,0.0,-0.54,0.75,3.9187887130075723,-1.3000000000000007,1.3782542113323124,2.909647779479326,0.0
2023-04-12,0.0,-0.7799999999999998,0.25,3.245231607629419,-0.2999999999999998,0.7117437722419928,2.491103202846975,0.1779359430604982
2023-06-07,1.0,-0.73,0.0,2.4058744993324295,-0.3000000000000007,1.0670731707317074,2.591463414634146,0.45731707317073167
2023-07-12,1.0,-0.1900000000000004,0.25,1.3574720210664877,0.0,1.8018018018018018,3.2432432432432434,0.18018018018018017
2023-09-06,0.0,-0.46999999999999975,0.5,1.2658393207054104,0.6000000000000005,1.321003963011889,3.1704095112285335,0.26420079260237783
2023-10-25,0.0,-0.07000000000000028,0.25,1.997378768020976,0.20000000000000018,1.4336917562724014,3.225806451612903,0.35842293906810035
2023-12-06,0.0,-0.5599999999999996,0.0,1.1209362808842567,0.6000000000000005,0.6983240223463687,2.653631284916201,0.27932960893854747
2024-01-24,0.0,-1.0099999999999998,0.0,1.116883116883118,0.7999999999999998,1.1111111111111112,2.5925925925925926,0.0
2024-03-06,0.0,-0.9299999999999997,0.0,0.8589993502274202,0.6000000000000005,0.17761989342806395,1.9538188277087036,0.5328596802841918
2024-04-10,0.0,-0.8899999999999997,0.0,0.783171521035599,0.7000000000000002,0.45045045045045046,2.2522522522522523,0.22522522522522523
2024-06-05,1.0,-0.8499999999999996,0.0,0.6854219948849067,1.1000000000000005,0.16051364365971107,1.4446227929373996,0.9630818619582664
2024-07-24,1.0,-0.7799999999999998,-0.25,0.866242038216571,1.0999999999999996,0.0,1.263157894736842,0.42105263157894735
2024-09-04,1.0,-1.23,-0.5,0.5300442757748343,1.0,0.1488095238095238,2.232142857142857,0.744047619047619
2024-10-23,1.0,-1.35,-0.5,-0.04662885948329798,1.1999999999999993,-0.2358490566037736,2.1226415094339623,0.4716981132075472
2024-12-11,1.0,-0.5800000000000001,-0.75,0.017654476670882602,0.8999999999999995,-0.5970149253731344,2.0895522388059704,0.5970149253731344
2025-01-29,1.0,-0.31999999999999984,-1.0,-0.16803537586862305,0.9000000000000004,-0.47244094488188976,1.7322834645669292,0.15748031496062992
2025-03-12,1.0,-0.2999999999999998,-0.75,-0.10486418193304914,1.0,0.2706359945872801,2.435723951285521,0.6765899864682002
2025-04-16,0.0,-0.20999999999999996,-0.5,0.6448362720402852,0.6999999999999993,0.4702194357366771,1.09717868338558,0.4702194357366771
2025-06-04,0.0,-0.2200000000000002,-0.25,-0.25653798256537286,0.7000000000000002,-0.27932960893854747,0.8379888268156425,0.27932960893854747
2025-07-30,0.0,-0.1499999999999999,0.0,-0.14126394052045121,0.5,-0.14492753623188406,1.0144927536231882,0.5797101449275363
2025-09-17,1.0,-0.04999999999999982,0.0,-0.2726711906230621,0.5,-0.22650056625141565,1.1325028312570782,0.5662514156285391
2025-10-29,1.0,-0.029999999999999805,-0.25,0.35878336436996516,0.5999999999999996,-0.16366612111292964,0.8183306055646482,0.4909983633387889
2025-12-10,0.0,0.20000000000000018,-0.5,0.16316440049444392,0.3000000000000007,-0.136986301369863,0.9589041095890412,0.547945205479452
2026-01-28,0.0,0.33000000000000007,-0.25,0.22496909765141915,-0.40000000000000036,-0.1976284584980237,1.7786561264822136,0.0
2026-03-18,0.0,0.20000000000000018,0.0,0.293862368257904,-0.20000000000000018,-0.3546099290780142,0.7092198581560284,0.7092198581560284
2026-04-29,0.0,0.5699999999999998,0.0,0.3853211009174258,-0.09999999999999964,0.1567398119122257,1.4106583072100314,0.6269592476489028
2026-06-10,0.0,0.7200000000000002,0.0,0.8151774785801775,0.0,0.0,1.8518518518518516,0.26455026455026454
2026-07-15,0.0,0.5,0.0,1.2258064516129004,-0.40000000000000036,0.5524861878453038,2.394106813996317,0.1841620626151013
2026-09-02,0.0,0.5800000000000001,0.0,1.0321406913280669,-0.40000000000000036,0.13386880856760375,1.2048192771084338,0.535475234270415
