horizon,language,fitted_on,scored_on,market_brier,corrected_brier,improved
t+1,lex2_tilt,2023-2024,2025-2026,0.108,0.1123,False
t+1,lex2_intensity,2023-2024,2025-2026,0.108,0.2234,False
t+1,lex2_hedging,2023-2024,2025-2026,0.108,0.1032,True
t+1,lex_tilt,2023-2024,2025-2026,0.108,0.1039,True
t+1,lex2_tilt_shuffled,2023-2024,2025-2026,0.108,0.1095,False
t+1,lex2_tilt,2025-2026,2023-2024,0.1494,0.1586,False
t+1,lex2_intensity,2025-2026,2023-2024,0.1494,0.1748,False
t+1,lex2_hedging,2025-2026,2023-2024,0.1494,0.1342,True
t+1,lex_tilt,2025-2026,2023-2024,0.1494,0.1571,False
t+1,lex2_tilt_shuffled,2025-2026,2023-2024,0.1494,0.268,False
t+2,lex2_tilt,2023-2024,2025-2026,0.1552,0.2029,False
t+2,lex2_intensity,2023-2024,2025-2026,0.1552,0.3778,False
t+2,lex2_hedging,2023-2024,2025-2026,0.1552,0.189,False
t+2,lex_tilt,2023-2024,2025-2026,0.1552,0.1612,False
t+2,lex2_tilt_shuffled,2023-2024,2025-2026,0.1552,0.1971,False
t+2,lex2_tilt,2025-2026,2023-2024,0.1675,0.1809,False
t+2,lex2_intensity,2025-2026,2023-2024,0.1675,0.1647,True
t+2,lex2_hedging,2025-2026,2023-2024,0.1675,0.1702,False
t+2,lex_tilt,2025-2026,2023-2024,0.1675,0.1461,True
t+2,lex2_tilt_shuffled,2025-2026,2023-2024,0.1675,0.1701,False
