horizon,window,language,n,corr_with_signed_error
t+1,2023-2024,lex2_tilt,14,-0.1063
t+1,2023-2024,lex2_intensity,14,-0.3738
t+1,2023-2024,lex2_hedging,14,0.3315
t+1,2023-2024,lex_tilt,14,-0.1093
t+1,2023-2024,lex2_tilt_shuffled,14,0.0127
t+1,2025-2026,lex2_tilt,14,-0.1302
t+1,2025-2026,lex2_intensity,14,0.1791
t+1,2025-2026,lex2_hedging,14,0.2674
t+1,2025-2026,lex_tilt,14,-0.4051
t+1,2025-2026,lex2_tilt_shuffled,14,-0.4528
t+2,2023-2024,lex2_tilt,14,-0.384
t+2,2023-2024,lex2_intensity,14,-0.5164
t+2,2023-2024,lex2_hedging,14,0.4067
t+2,2023-2024,lex_tilt,14,-0.2247
t+2,2023-2024,lex2_tilt_shuffled,14,-0.2504
t+2,2025-2026,lex2_tilt,13,-0.3776
t+2,2025-2026,lex2_intensity,13,-0.0491
t+2,2025-2026,lex2_hedging,13,0.0013
t+2,2025-2026,lex_tilt,13,-0.2326
t+2,2025-2026,lex2_tilt_shuffled,13,-0.0074
