meeting_date,market_implied,boc_logistic_macro,categorical_frequency,blend_0.5
2023-04-12,0.3844,0.0016994978691850695,0.02246845183133272,0.10845681594518679
2023-06-07,0.7561432892250001,0.9952164568845915,0.7438185255198488,0.8707142315928068
2023-07-12,0.1024,0.7805218310876532,0.7310493460166468,0.3620511418477312
2023-09-06,0.09000000000000002,0.007899060157713522,0.026298487836949377,0.0377159219374108
2023-10-25,0.2304,0.027257329180215114,0.02585463947141627,0.10383720522412448
2023-12-06,0.0,0.003168309898149,0.025421933479274034,0.0007920774745372465
2024-01-24,0.019600000000000003,0.0029902902106607016,0.024999999999999974,0.009421575772749354
2024-03-06,0.022141439999999995,0.0023911042190926774,0.02458848439314253,0.009654020759059297
2024-04-10,0.019600000000000003,0.0018731185485903674,0.024187046492878242,0.008312312818147285
2024-06-05,0.10758399999999997,0.931081589968734,0.9262343842950624,0.41790403481077754
2024-07-24,0.36,0.6834532139779772,0.9113553590010407,0.5088701096534981
2024-09-04,0.0,0.1710668272758963,0.8968319999999999,0.04276670681897406
2024-10-23,0.0,0.08759293017994822,0.8826530612244898,0.021898232544987056
2024-12-11,0.0,0.16519258132241885,0.8688077376154753,0.04129814533060471
2025-01-29,0.04839999999999999,0.09376051364275967,0.85528564453125,0.06922242366758312
2025-03-12,0.12066452742400001,0.23400851650953902,0.8420767982693349,0.17268619904447768
2025-04-16,0.1444,0.09250549145125014,0.029171597633136113,0.11700147467725312
2025-06-04,0.33284014792899996,0.022943655516640446,0.028727929607831715,0.1323836064670078
2025-07-30,0.1296,0.004212648822396643,0.02829430670339761,0.044017659130113206
2025-09-17,0.4582247479289999,0.9102162000344384,0.8323817061450619,0.6647996257695133
2025-10-29,0.19359999999999997,0.7814634008731263,0.820004455335264,0.43820303042047515
2025-12-10,0.0034866663040000003,0.035208054122722404,0.03012345679012345,0.015185004357819632
2026-01-28,0.0484,0.007632308079101464,0.02968209342560553,0.022105018717525148
2026-03-18,0.002274526863999996,0.006705585731972738,0.02925035963556931,0.003929547403256391
2026-04-29,0.001600000000000003,0.011397565350712454,0.028827977315689958,0.005354782760111291
2026-06-10,0.022500000000000006,0.02911304238706697,0.028414678329279013,0.025668184659101773
2026-07-15,0.001600000000000003,0.019943381599759457,0.028010204081632677,0.008178654222191177
2026-09-02,0.004132689796,0.0241005836384137,0.02761430511543684,0.007609502375589159
