timestamp,moved,trailing_rate,forward_rate,hawk_dove,stance_intensity,guidance_score,guidance_intensity,signals_anything,lex_intensity,lex_tilt,lex_hedging
2010-01-19,0.0,0.375,0.5,-1.0,1.0,-1.0,1.0,1.0,1.6181229773462782,0.0,0.0
2010-04-20,0.0,0.125,0.75,1.0,1.0,1.0,1.0,1.0,1.7035775127768313,-1.0221465076660987,0.17035775127768313
2010-06-01,1.0,0.0,0.5,1.0,1.0,1.0,1.0,1.0,2.3255813953488373,-0.21141649048625794,0.21141649048625794
2010-07-20,1.0,0.125,0.25,1.0,1.0,1.0,1.0,1.0,1.3282732447817838,-0.5692599620493358,0.3795066413662239
2010-09-08,1.0,0.25,0.0,1.0,1.0,1.0,1.0,1.0,1.6713091922005572,-0.5571030640668524,0.5571030640668524
2010-10-19,0.0,0.375,0.0,-1.0,1.0,0.0,0.0,0.0,1.4657980456026058,-1.4657980456026058,0.6514657980456027
2010-12-07,0.0,0.375,0.0,0.0,0.0,0.0,0.0,0.0,1.9283746556473829,-1.3774104683195594,0.27548209366391185
2011-01-18,0.0,0.375,0.0,0.0,0.0,0.0,0.0,0.0,1.971326164874552,-0.5376344086021506,0.35842293906810035
2011-03-01,0.0,0.375,0.0,1.0,1.0,1.0,1.0,1.0,1.7543859649122806,-0.2506265664160401,0.2506265664160401
2011-04-12,0.0,0.375,0.0,1.0,1.0,1.0,1.0,1.0,1.483679525222552,0.0,0.2967359050445104
2011-05-31,0.0,0.375,0.0,1.0,1.0,1.0,1.0,1.0,1.9569471624266144,0.3913894324853229,0.5870841487279843
2011-07-19,0.0,0.25,0.0,1.0,1.0,1.0,1.0,1.0,2.0289855072463765,0.5797101449275363,0.43478260869565216
2011-09-07,0.0,0.125,0.0,-1.0,1.0,0.0,0.0,0.0,1.5957446808510638,-0.1773049645390071,0.3546099290780142
2011-10-25,0.0,0.0,0.0,0.0,0.0,0.0,0.0,0.0,2.0151133501259446,-0.7556675062972292,0.3778337531486146
2011-12-06,0.0,0.0,0.0,0.0,0.0,0.0,0.0,0.0,1.6064257028112447,-0.4016064257028112,0.4016064257028112
2012-01-17,0.0,0.0,0.0,0.0,0.0,0.0,0.0,0.0,1.062215477996965,-0.4552352048558422,0.30349013657056145
2012-03-08,0.0,0.0,0.0,0.0,0.0,0.0,0.0,0.0,1.3282732447817838,0.18975332068311196,0.3795066413662239
2012-04-17,0.0,0.0,0.0,1.0,1.0,1.0,1.0,1.0,1.4150943396226416,-0.15723270440251574,0.15723270440251574
2012-06-05,0.0,0.0,0.0,1.0,1.0,1.0,1.0,1.0,1.1286681715575622,-0.6772009029345373,0.4514672686230248
2012-07-17,0.0,0.0,0.0,1.0,1.0,1.0,1.0,1.0,1.929260450160772,-0.6430868167202572,0.482315112540193
2012-09-05,0.0,0.0,0.0,1.0,1.0,1.0,1.0,1.0,1.1337868480725624,-0.22675736961451248,0.6802721088435374
2012-10-23,0.0,0.0,0.0,1.0,1.0,1.0,1.0,1.0,1.0676156583629894,-0.3558718861209964,0.8896797153024912
2012-12-04,0.0,0.0,0.0,1.0,1.0,1.0,1.0,1.0,1.4767932489451476,0.6329113924050633,0.8438818565400843
2013-01-23,0.0,0.0,0.0,-1.0,1.0,1.0,1.0,1.0,1.740506329113924,-0.4746835443037975,0.31645569620253167
2013-03-06,0.0,0.0,0.0,0.0,0.0,1.0,1.0,1.0,1.6129032258064515,-0.17921146953405018,0.35842293906810035
2013-04-17,0.0,0.0,0.0,0.0,0.0,0.0,0.0,0.0,1.0903426791277258,-0.1557632398753894,0.3115264797507788
2013-05-29,0.0,0.0,0.0,1.0,1.0,1.0,1.0,1.0,1.3245033112582782,-0.8830022075055187,0.22075055187637968
2013-07-17,0.0,0.0,0.0,0.0,0.0,0.0,0.0,0.0,0.929368029739777,-0.5576208178438662,0.37174721189591076
2013-09-04,0.0,0.0,0.0,0.0,0.0,0.0,0.0,0.0,0.7317073170731708,-0.24390243902439024,0.24390243902439024
2013-10-23,0.0,0.0,0.0,-1.0,1.0,0.0,0.0,0.0,2.0325203252032518,0.0,0.6097560975609756
2013-12-04,0.0,0.0,0.0,-1.0,1.0,0.0,0.0,0.0,1.5730337078651686,-0.6741573033707865,0.22471910112359553
2014-01-22,0.0,0.0,0.0,-1.0,1.0,0.0,0.0,0.0,0.992063492063492,-0.5952380952380952,0.1984126984126984
2014-03-05,0.0,0.0,0.0,0.0,0.0,0.0,0.0,0.0,0.8928571428571428,0.0,0.2232142857142857
2014-04-16,0.0,0.0,0.0,0.0,0.0,0.0,0.0,0.0,1.3803680981595092,-0.15337423312883436,0.3067484662576687
2014-06-04,0.0,0.0,0.0,0.0,0.0,0.0,0.0,0.0,1.9650655021834063,-0.21834061135371177,0.21834061135371177
2014-07-16,0.0,0.0,0.25,0.0,0.0,0.0,0.0,0.0,1.5625,-0.390625,0.1953125
2014-09-03,0.0,0.0,0.25,0.0,0.0,0.0,0.0,0.0,0.45045045045045046,0.45045045045045046,0.0
2014-10-22,0.0,0.0,0.25,0.0,0.0,0.0,0.0,0.0,2.091254752851711,-0.5703422053231939,0.38022813688212925
2014-12-03,0.0,0.0,0.25,0.0,0.0,0.0,0.0,0.0,1.9559902200488997,-0.9779951100244498,0.0
2015-01-21,1.0,0.0,0.25,-1.0,1.0,0.0,0.0,0.0,2.1241830065359477,-1.4705882352941175,0.49019607843137253
2015-03-04,0.0,0.125,0.25,0.0,0.0,0.0,0.0,0.0,1.1574074074074074,-1.1574074074074074,0.0
2015-04-15,0.0,0.125,0.25,0.0,0.0,0.0,0.0,0.0,1.5025041736227045,-1.1686143572621035,0.0
2015-05-27,0.0,0.125,0.25,0.0,0.0,0.0,0.0,0.0,1.643192488262911,-0.2347417840375587,0.0
2015-07-15,1.0,0.125,0.0,-2.0,2.0,0.0,0.0,0.0,1.6181229773462782,-0.6472491909385114,0.0
2015-09-09,0.0,0.25,0.0,0.0,0.0,0.0,0.0,0.0,1.1933174224343674,-0.7159904534606205,0.0
2015-10-21,0.0,0.25,0.0,0.0,0.0,0.0,0.0,0.0,1.1784511784511784,-0.8417508417508417,0.0
2015-12-02,0.0,0.25,0.0,0.0,0.0,0.0,0.0,0.0,1.4613778705636742,-0.6263048016701461,0.0
2016-01-20,0.0,0.25,0.0,0.0,0.0,0.0,0.0,0.0,1.478743068391867,-0.7393715341959335,0.18484288354898337
2016-03-09,0.0,0.125,0.0,0.0,0.0,0.0,0.0,0.0,0.41067761806981523,0.0,0.0
2016-04-13,0.0,0.125,0.0,0.0,0.0,0.0,0.0,0.0,1.2838801711840229,-0.7132667617689016,0.14265335235378032
2016-05-25,0.0,0.125,0.0,0.0,0.0,0.0,0.0,0.0,1.1441647597254003,0.2288329519450801,0.0
2016-07-13,0.0,0.125,0.0,0.0,0.0,0.0,0.0,0.0,1.376720901126408,-0.1251564455569462,0.0
2016-09-07,0.0,0.0,0.0,0.0,0.0,0.0,0.0,0.0,1.402805611222445,-1.002004008016032,0.2004008016032064
2016-10-19,0.0,0.0,0.0,0.0,0.0,0.0,0.0,0.0,1.3029315960912053,-0.9771986970684038,0.0
2016-12-07,0.0,0.0,0.0,0.0,0.0,0.0,0.0,0.0,1.0230179028132993,-0.5115089514066496,0.0
2017-01-18,0.0,0.0,0.25,0.0,0.0,0.0,0.0,0.0,0.8016032064128256,-0.4008016032064128,0.2004008016032064
2017-03-01,0.0,0.0,0.5,0.0,0.0,0.0,0.0,0.0,0.9009009009009009,0.3003003003003003,0.3003003003003003
2017-04-12,0.0,0.0,0.5,0.0,0.0,0.0,0.0,0.0,1.132686084142395,0.16181229773462785,0.0
2017-05-24,0.0,0.0,0.5,0.0,0.0,0.0,0.0,0.0,0.7874015748031495,-0.7874015748031495,0.5249343832020997
2017-07-12,1.0,0.0,0.5,1.0,1.0,0.0,0.0,0.0,1.0169491525423728,0.0,0.0
2017-09-06,1.0,0.125,0.25,1.0,1.0,0.0,0.0,0.0,1.9736842105263157,0.6578947368421052,0.0
2017-10-25,0.0,0.25,0.25,1.0,1.0,1.0,1.0,1.0,0.9090909090909091,-0.18181818181818182,0.18181818181818182
2017-12-06,0.0,0.25,0.25,1.0,1.0,1.0,1.0,1.0,1.5217391304347827,0.6521739130434783,0.21739130434782608
2018-01-17,1.0,0.25,0.25,1.0,1.0,0.0,0.0,0.0,1.2698412698412698,0.0,0.31746031746031744
2018-03-07,0.0,0.375,0.25,1.0,1.0,1.0,1.0,1.0,1.0309278350515463,0.2061855670103093,0.6185567010309279
2018-04-18,0.0,0.375,0.5,1.0,1.0,0.0,0.0,0.0,0.9569377990430622,0.0,0.3189792663476874
2018-05-30,0.0,0.375,0.5,1.0,1.0,1.0,1.0,1.0,1.2254901960784315,1.2254901960784315,0.49019607843137253
2018-07-11,1.0,0.375,0.25,1.0,1.0,1.0,1.0,1.0,1.2477718360071302,0.53475935828877,0.35650623885918004
2018-09-05,0.0,0.375,0.25,1.0,1.0,1.0,1.0,1.0,1.214574898785425,0.8097165991902834,0.4048582995951417
2018-10-24,1.0,0.25,0.0,1.0,1.0,1.0,1.0,1.0,1.2089810017271159,0.17271157167530224,0.17271157167530224
2018-12-05,0.0,0.375,0.0,1.0,1.0,1.0,1.0,1.0,1.7574692442882252,0.0,0.17574692442882248
2019-01-09,0.0,0.375,0.0,1.0,1.0,1.0,1.0,1.0,1.545595054095827,-1.2364760432766615,0.1545595054095827
2019-03-06,0.0,0.25,0.0,-1.0,1.0,0.0,0.0,0.0,1.4767932489451476,-1.4767932489451476,0.0
2019-04-24,0.0,0.25,0.0,0.0,0.0,0.0,0.0,0.0,0.8756567425569177,-0.8756567425569177,0.17513134851138354
2019-05-29,0.0,0.25,0.0,0.0,0.0,0.0,0.0,0.0,0.48661800486618007,-0.48661800486618007,0.0
2019-07-10,0.0,0.25,0.0,0.0,0.0,0.0,0.0,0.0,1.4598540145985401,-0.7299270072992701,0.18248175182481752
2019-09-04,0.0,0.125,0.25,0.0,0.0,0.0,0.0,0.0,0.8583690987124464,-0.4291845493562232,0.0
2019-10-30,0.0,0.125,0.25,0.0,0.0,0.0,0.0,0.0,0.5660377358490566,-0.5660377358490566,0.37735849056603776
2019-12-04,0.0,0.0,0.25,0.0,0.0,0.0,0.0,0.0,0.4784688995215311,0.4784688995215311,0.4784688995215311
2020-01-22,0.0,0.0,0.25,-1.0,1.0,-1.0,1.0,1.0,1.079136690647482,-0.7194244604316548,0.1798561151079137
2020-03-04,1.0,0.0,0.0,-1.0,1.0,-1.0,1.0,1.0,0.6060606060606061,-0.6060606060606061,0.20202020202020202
2020-04-15,0.0,0.125,0.0,-2.0,2.0,0.0,0.0,0.0,1.1402508551881414,-0.9122006841505131,0.0
2020-06-03,0.0,0.125,0.0,-1.0,1.0,-1.0,1.0,1.0,0.967741935483871,-0.967741935483871,0.16129032258064516
2020-07-15,0.0,0.125,0.0,-1.0,1.0,-1.0,1.0,1.0,0.9732360097323601,-0.9732360097323601,0.12165450121654502
2020-09-09,0.0,0.125,0.0,-1.0,1.0,-1.0,1.0,1.0,1.2598425196850394,-1.2598425196850394,0.0
2020-10-28,0.0,0.125,0.0,-2.0,2.0,-1.0,1.0,1.0,1.0014306151645207,-1.0014306151645207,0.14306151645207438
2020-12-09,0.0,0.125,0.0,-1.0,1.0,-1.0,1.0,1.0,1.393188854489164,-1.08359133126935,0.0
2021-01-20,0.0,0.125,0.0,-2.0,2.0,-1.0,1.0,1.0,1.2396694214876034,-0.9641873278236914,0.0
2021-03-10,0.0,0.125,0.0,-1.0,1.0,-1.0,1.0,1.0,1.884057971014493,-1.0144927536231882,0.0
2021-04-21,0.0,0.0,0.0,1.0,1.0,1.0,1.0,1.0,1.8640350877192982,-1.2061403508771928,0.10964912280701754
2021-06-09,0.0,0.0,0.0,-1.0,1.0,-1.0,1.0,1.0,1.908957415565345,-1.0279001468428781,0.0
2021-07-14,0.0,0.0,0.0,-1.0,1.0,-1.0,1.0,1.0,1.99501246882793,-0.997506234413965,0.0
2021-09-08,0.0,0.0,0.25,-1.0,1.0,-1.0,1.0,1.0,1.62748643761302,-1.62748643761302,0.0
2021-10-27,0.0,0.0,0.5,1.0,1.0,1.0,1.0,1.0,2.247191011235955,-0.5617977528089888,0.0
2021-12-08,0.0,0.0,0.75,-1.0,1.0,-1.0,1.0,1.0,2.0066889632107023,0.0,0.0
2022-01-26,0.0,0.0,1.0,2.0,2.0,1.0,1.0,1.0,2.008608321377331,0.0,0.1434720229555237
2022-03-02,1.0,0.0,1.0,2.0,2.0,1.0,1.0,1.0,1.3157894736842104,0.9868421052631579,0.0
2022-04-13,1.0,0.125,1.0,2.0,2.0,1.0,1.0,1.0,1.6,1.0666666666666667,0.0
2022-06-01,1.0,0.25,1.0,2.0,2.0,1.0,1.0,1.0,2.366863905325444,1.9723865877712032,0.0
2022-07-13,1.0,0.375,1.0,2.0,2.0,1.0,1.0,1.0,3.427719821162444,2.8315946348733236,0.0
2022-09-07,1.0,0.5,0.75,2.0,2.0,1.0,1.0,1.0,1.8907563025210083,1.4705882352941175,0.21008403361344538
2022-10-26,1.0,0.625,0.5,1.0,1.0,1.0,1.0,1.0,2.250351617440225,1.1251758087201125,0.0
2022-12-07,1.0,0.75,0.5,1.0,1.0,1.0,1.0,1.0,1.8518518518518516,0.9259259259259258,0.4629629629629629
2023-01-25,1.0,0.875,0.5,1.0,1.0,1.0,1.0,1.0,3.1866464339908953,1.669195751138088,0.0
2023-03-08,0.0,1.0,0.5,1.0,1.0,1.0,1.0,1.0,3.163444639718805,1.054481546572935,0.17574692442882248
2023-04-12,0.0,0.875,0.5,1.0,1.0,1.0,1.0,1.0,2.591463414634146,1.0670731707317074,0.45731707317073167
2023-06-07,1.0,0.75,0.25,1.0,1.0,0.0,0.0,0.0,3.3989266547406083,1.9677996422182469,0.17889087656529518
2023-07-12,1.0,0.75,0.0,1.0,1.0,0.0,0.0,0.0,2.890932982917214,1.314060446780552,0.2628120893561104
2023-09-06,0.0,0.75,0.0,1.0,1.0,1.0,1.0,1.0,3.558718861209965,1.4234875444839856,0.3558718861209964
2023-10-25,0.0,0.625,0.0,1.0,1.0,1.0,1.0,1.0,2.364394993045897,0.13908205841446453,0.27816411682892905
2023-12-06,0.0,0.5,0.25,1.0,1.0,1.0,1.0,1.0,2.9357798165137616,0.0,0.0
2024-01-24,0.0,0.375,0.5,1.0,1.0,0.0,0.0,0.0,1.9469026548672566,-0.5309734513274336,0.5309734513274336
2024-03-06,0.0,0.25,0.75,1.0,1.0,0.0,0.0,0.0,2.455357142857143,0.2232142857142857,0.2232142857142857
2024-04-10,0.0,0.25,1.0,-1.0,1.0,-1.0,1.0,1.0,1.5974440894568689,0.0,0.7987220447284344
2024-06-05,1.0,0.25,1.0,-1.0,1.0,-1.0,1.0,1.0,1.0460251046025104,-0.6276150627615062,0.20920502092050208
2024-07-24,1.0,0.25,1.0,-1.0,1.0,-1.0,1.0,1.0,2.674591381872214,-1.188707280832095,0.7429420505200593
2024-09-04,1.0,0.25,1.0,-1.0,1.0,-1.0,1.0,1.0,1.8823529411764703,-0.4705882352941176,0.4705882352941176
2024-10-23,1.0,0.375,0.75,-1.0,1.0,-1.0,1.0,1.0,2.086438152011923,-1.1922503725782414,0.5961251862891207
2024-12-11,1.0,0.5,0.5,-1.0,1.0,-1.0,1.0,1.0,1.5600624024960998,-0.93603744149766,0.15600624024961
2025-01-29,1.0,0.625,0.25,-1.0,1.0,0.0,0.0,0.0,2.1534320323014806,0.0,0.6729475100942126
2025-03-12,1.0,0.75,0.25,0.0,0.0,0.0,0.0,0.0,1.5600624024960998,0.0,0.46801872074883
2025-04-16,0.0,0.875,0.5,0.0,0.0,0.0,0.0,0.0,1.6736401673640167,0.0,0.2789400278940028
2025-06-04,0.0,0.875,0.5,0.0,0.0,0.0,0.0,0.0,1.729106628242075,0.5763688760806917,0.2881844380403458
2025-07-30,0.0,0.75,0.5,-1.0,1.0,-1.0,1.0,1.0,1.9122609673790776,-0.562429696287964,0.44994375703037126
2025-09-17,1.0,0.625,0.25,-1.0,1.0,-1.0,1.0,1.0,0.9787928221859705,0.0,0.3262642740619902
2025-10-29,1.0,0.625,0.0,0.0,0.0,0.0,0.0,0.0,0.9549795361527967,0.1364256480218281,0.5457025920873124
2025-12-10,0.0,0.625,0.0,0.0,0.0,0.0,0.0,0.0,0.7874015748031495,0.39370078740157477,0.0
2026-01-28,0.0,0.5,0.0,0.0,0.0,0.0,0.0,0.0,0.7029876977152899,-0.35149384885764495,0.7029876977152899
2026-03-18,0.0,0.375,0.0,0.0,0.0,0.0,0.0,0.0,1.3975155279503106,-0.15527950310559005,0.6211180124223602
