window,predictor_id,brier,reliability,resolution,uncertainty,residual,mean_forecast,observed_rate,bias
2023-2024,market_implied,0.1494,0.0036,0.0976,0.25,-0.0065,0.4794,0.5,-0.0206
2023-2024,boc_logistic_macro,0.2631,0.0874,0.0682,0.25,-0.0062,0.2072,0.5,-0.2928
2023-2024,historical_frequency,0.3367,0.0888,0.0,0.25,-0.0021,0.202,0.5,-0.298
2025-2026,market_implied,0.108,0.0085,0.1088,0.2041,0.0042,0.3038,0.2857,0.0181
2025-2026,boc_logistic_macro,0.1587,0.0304,0.0872,0.2041,0.0114,0.2192,0.2857,-0.0665
2025-2026,historical_frequency,0.2088,0.0024,0.0,0.2041,0.0023,0.2368,0.2857,-0.0489
pooled,market_implied,0.1287,0.0012,0.1105,0.2385,-0.0005,0.3916,0.3929,-0.0013
pooled,boc_logistic_macro,0.2109,0.0485,0.0827,0.2385,0.0066,0.2132,0.3929,-0.1796
pooled,historical_frequency,0.2727,0.0301,0.0,0.2385,0.0041,0.2194,0.3929,-0.1735
