window,subset,predictor_id,n_meetings,mean_rps
2023-2024,moves,market_implied,7,0.1894
2023-2024,moves,boc_logistic_macro,7,0.5449
2023-2024,moves,categorical_frequency,7,0.8515
2023-2024,moves,blend_0.5,7,0.3236
2023-2024,holds,market_implied,7,0.1094
2023-2024,holds,boc_logistic_macro,7,0.0068
2023-2024,holds,categorical_frequency,7,0.0248
2023-2024,holds,blend_0.5,7,0.0397
2025-2026,moves,market_implied,4,0.2052
2025-2026,moves,boc_logistic_macro,4,0.5049
2025-2026,moves,categorical_frequency,4,0.8374
2025-2026,moves,blend_0.5,4,0.3362
2025-2026,holds,market_implied,10,0.0691
2025-2026,holds,boc_logistic_macro,10,0.0254
2025-2026,holds,categorical_frequency,10,0.0288
2025-2026,holds,blend_0.5,10,0.0381
pooled,moves,market_implied,11,0.1952
pooled,moves,boc_logistic_macro,11,0.5303
pooled,moves,categorical_frequency,11,0.8464
pooled,moves,blend_0.5,11,0.3282
pooled,holds,market_implied,17,0.0857
pooled,holds,boc_logistic_macro,17,0.0177
pooled,holds,categorical_frequency,17,0.0272
pooled,holds,blend_0.5,17,0.0388
