origin_date,meeting_date,p_cut,p_hold,p_hike,method,corra_now,expected_move_pp,source,diagnostics
2025-01-01,2025-01-29,0.78,0.22,0.0,next_month,3.31,-0.195,TMX Montreal Exchange COA (One-Month CORRA Futures) settlement + BoC Valet AVG.INTWO,"{""clamped"": false, ""corra_now"": 3.31, ""estimator_gap"": 0.27, ""meeting_month_move"": -0.465, ""meeting_month_open_interest"": 5.0, ""meeting_month_post_days"": 2, ""meeting_month_settle"": 96.72, ""meeting_month_symbol"": ""COAF25"", ""next_month_clean"": true, ""next_month_move"": -0.195, ""next_month_open_interest"": 300.0, ""next_month_settle"": 96.885, ""next_month_symbol"": ""COAG25"", ""quote_date"": ""2024-12-31""}"
2025-02-12,2025-03-12,0.652632,0.347368,0.0,meeting_month,3.02,-0.1632,TMX Montreal Exchange COA (One-Month CORRA Futures) settlement + BoC Valet AVG.INTWO,"{""clamped"": false, ""corra_now"": 3.02, ""meeting_month_move"": -0.1632, ""meeting_month_open_interest"": 500.0, ""meeting_month_post_days"": 19, ""meeting_month_settle"": 97.08, ""meeting_month_symbol"": ""COAH25"", ""next_month_clean"": false, ""quote_date"": ""2025-02-12""}"
2025-03-19,2025-04-16,0.38,0.62,0.0,next_month,2.77,-0.095,TMX Montreal Exchange COA (One-Month CORRA Futures) settlement + BoC Valet AVG.INTWO,"{""clamped"": false, ""corra_now"": 2.77, ""estimator_gap"": 0.0121, ""meeting_month_move"": -0.1071, ""meeting_month_open_interest"": 200.0, ""meeting_month_post_days"": 14, ""meeting_month_settle"": 97.28, ""meeting_month_symbol"": ""COAJ25"", ""next_month_clean"": true, ""next_month_move"": -0.095, ""next_month_open_interest"": 100.0, ""next_month_settle"": 97.325, ""next_month_symbol"": ""COAK25"", ""quote_date"": ""2025-03-19""}"
2025-05-07,2025-06-04,0.576923,0.423077,0.0,meeting_month,2.75,-0.1442,TMX Montreal Exchange COA (One-Month CORRA Futures) settlement + BoC Valet AVG.INTWO,"{""clamped"": false, ""corra_now"": 2.75, ""meeting_month_move"": -0.1442, ""meeting_month_open_interest"": 0.0, ""meeting_month_post_days"": 26, ""meeting_month_settle"": 97.375, ""meeting_month_symbol"": ""COAM25"", ""next_month_clean"": false, ""quote_date"": ""2025-05-07""}"
2025-07-02,2025-07-30,0.36,0.64,0.0,next_month,2.75,-0.09,TMX Montreal Exchange COA (One-Month CORRA Futures) settlement + BoC Valet AVG.INTWO,"{""clamped"": false, ""corra_now"": 2.75, ""estimator_gap"": -0.09, ""meeting_month_move"": 0.0, ""meeting_month_open_interest"": 100.0, ""meeting_month_post_days"": 1, ""meeting_month_settle"": 97.25, ""meeting_month_symbol"": ""COAN25"", ""next_month_clean"": true, ""next_month_move"": -0.09, ""next_month_open_interest"": 0.0, ""next_month_settle"": 97.34, ""next_month_symbol"": ""COAQ25"", ""quote_date"": ""2025-07-02""}"
2025-08-20,2025-09-17,0.323077,0.676923,0.0,meeting_month,2.76,-0.0808,TMX Montreal Exchange COA (One-Month CORRA Futures) settlement + BoC Valet AVG.INTWO,"{""clamped"": false, ""corra_now"": 2.76, ""meeting_month_move"": -0.0808, ""meeting_month_open_interest"": 100.0, ""meeting_month_post_days"": 13, ""meeting_month_settle"": 97.275, ""meeting_month_symbol"": ""COAU25"", ""next_month_clean"": false, ""quote_date"": ""2025-08-20""}"
2025-10-01,2025-10-29,0.56,0.44,0.0,next_month,2.56,-0.14,TMX Montreal Exchange COA (One-Month CORRA Futures) settlement + BoC Valet AVG.INTWO,"{""clamped"": false, ""corra_now"": 2.56, ""estimator_gap"": 0.2475, ""meeting_month_move"": -0.3875, ""meeting_month_open_interest"": 100.0, ""meeting_month_post_days"": 2, ""meeting_month_settle"": 97.465, ""meeting_month_symbol"": ""COAV25"", ""next_month_clean"": true, ""next_month_move"": -0.14, ""next_month_open_interest"": 100.0, ""next_month_settle"": 97.58, ""next_month_symbol"": ""COAX25"", ""quote_date"": ""2025-10-01""}"
2025-11-12,2025-12-10,0.059048,0.940952,0.0,meeting_month,2.27,-0.0148,TMX Montreal Exchange COA (One-Month CORRA Futures) settlement + BoC Valet AVG.INTWO,"{""clamped"": false, ""corra_now"": 2.27, ""meeting_month_move"": -0.0148, ""meeting_month_open_interest"": 92.0, ""meeting_month_post_days"": 21, ""meeting_month_settle"": 97.74, ""meeting_month_symbol"": ""COAZ25"", ""next_month_clean"": false, ""quote_date"": ""2025-11-12""}"
2025-12-31,2026-01-28,0.22,0.78,0.0,next_month,2.3,-0.055,TMX Montreal Exchange COA (One-Month CORRA Futures) settlement + BoC Valet AVG.INTWO,"{""clamped"": false, ""corra_now"": 2.3, ""estimator_gap"": 0.3067, ""meeting_month_move"": -0.3617, ""meeting_month_open_interest"": 213.0, ""meeting_month_post_days"": 3, ""meeting_month_settle"": 97.735, ""meeting_month_symbol"": ""COAF26"", ""next_month_clean"": true, ""next_month_move"": -0.055, ""next_month_open_interest"": 456.0, ""next_month_settle"": 97.755, ""next_month_symbol"": ""COAG26"", ""quote_date"": ""2025-12-31""}"
2026-02-18,2026-03-18,0.0,0.952308,0.047692,meeting_month,2.25,0.0119,TMX Montreal Exchange COA (One-Month CORRA Futures) settlement + BoC Valet AVG.INTWO,"{""clamped"": false, ""corra_now"": 2.25, ""meeting_month_move"": 0.0119, ""meeting_month_open_interest"": 334.0, ""meeting_month_post_days"": 13, ""meeting_month_settle"": 97.745, ""meeting_month_symbol"": ""COAH26"", ""next_month_clean"": false, ""quote_date"": ""2026-02-18""}"
2026-04-01,2026-04-29,0.0,0.96,0.04,next_month,2.27,0.01,TMX Montreal Exchange COA (One-Month CORRA Futures) settlement + BoC Valet AVG.INTWO,"{""clamped"": false, ""corra_now"": 2.27, ""estimator_gap"": 0.085, ""meeting_month_move"": -0.075, ""meeting_month_open_interest"": 239.0, ""meeting_month_post_days"": 1, ""meeting_month_settle"": 97.7325, ""meeting_month_symbol"": ""COAJ26"", ""next_month_clean"": true, ""next_month_move"": 0.01, ""next_month_open_interest"": 188.0, ""next_month_settle"": 97.72, ""next_month_symbol"": ""COAK26"", ""quote_date"": ""2026-04-01""}"
2026-05-13,2026-06-10,0.0,0.85,0.15,meeting_month,2.25,0.0375,TMX Montreal Exchange COA (One-Month CORRA Futures) settlement + BoC Valet AVG.INTWO,"{""clamped"": false, ""corra_now"": 2.25, ""meeting_month_move"": 0.0375, ""meeting_month_open_interest"": 241.0, ""meeting_month_post_days"": 20, ""meeting_month_settle"": 97.725, ""meeting_month_symbol"": ""COAM26"", ""next_month_clean"": false, ""quote_date"": ""2026-05-13""}"
2026-06-17,2026-07-15,0.0,0.96,0.04,next_month,2.27,0.01,TMX Montreal Exchange COA (One-Month CORRA Futures) settlement + BoC Valet AVG.INTWO,"{""clamped"": false, ""corra_now"": 2.27, ""estimator_gap"": 0.0003, ""meeting_month_move"": 0.0097, ""meeting_month_open_interest"": 83.0, ""meeting_month_post_days"": 16, ""meeting_month_settle"": 97.725, ""meeting_month_symbol"": ""COAN26"", ""next_month_clean"": true, ""next_month_move"": 0.01, ""next_month_open_interest"": 95.0, ""next_month_settle"": 97.72, ""next_month_symbol"": ""COAQ26"", ""quote_date"": ""2026-06-17""}"
2026-08-05,2026-09-02,0.064286,0.935714,0.0,meeting_month,2.31,-0.0161,TMX Montreal Exchange COA (One-Month CORRA Futures) settlement + BoC Valet AVG.INTWO,"{""clamped"": false, ""corra_now"": 2.31, ""meeting_month_move"": -0.0161, ""meeting_month_open_interest"": 268.0, ""meeting_month_post_days"": 28, ""meeting_month_settle"": 97.705, ""meeting_month_symbol"": ""COAU26"", ""next_month_clean"": false, ""quote_date"": ""2026-08-05""}"
