meeting_date,market_implied,categorical_frequency,boc_logistic_macro,agent_identified,agent_anonymised
2025-01-29,0.04839999999999999,0.85528564453125,0.09376051364275967,0.0225,0.14374999999999996
2025-03-12,0.12066452742400001,0.8420767982693349,0.23400851650953902,0.02255,0.1237499999999999
2025-04-16,0.1444,0.029171597633136113,0.09250549145125014,0.4225,0.5325500000000001
2025-06-04,0.33284014792899996,0.028727929607831715,0.022943655516640446,0.425,0.205
2025-07-30,0.1296,0.02829430670339761,0.004212648822396643,0.425,0.205
2025-09-17,0.4582247479289999,0.8323817061450619,0.9102162000344384,0.1237499999999999,0.305
2025-10-29,0.19359999999999997,0.820004455335264,0.7814634008731263,0.1237499999999999,0.1249999999999999
2025-12-10,0.0034866663040000003,0.03012345679012345,0.035208054122722404,0.425,0.1625
2026-01-28,0.0484,0.02968209342560553,0.007632308079101464,0.425,0.205
2026-03-18,0.002274526863999996,0.02925035963556931,0.006705585731972738,0.12375,0.0324999999999999
2026-04-29,0.001600000000000003,0.028827977315689958,0.011397565350712454,0.12375,0.205
2026-06-10,0.022500000000000006,0.028414678329279013,0.02911304238706697,0.0425,0.0324999999999999
2026-07-15,0.001600000000000003,0.028010204081632677,0.019943381599759457,0.36375,0.04124999999999995
2026-09-02,0.004132689796,0.02761430511543684,0.0241005836384137,0.065,0.05749999999999995
