meeting_date,boc_logistic_macro,boc_logistic_macro_text,boc_logistic_macro_text_shuffled,market_implied,categorical_frequency
2025-01-29,0.09376051364275967,0.12952352518427987,0.2033993215447286,0.04839999999999999,0.85528564453125
2025-03-12,0.23400851650953902,0.6801556247786653,0.5434939362298298,0.12066452742400001,0.8420767982693349
2025-04-16,0.09250549145125014,0.013189983633532257,0.015666080986217235,0.1444,0.029171597633136113
2025-06-04,0.022943655516640446,0.0075832574060163156,0.008403391137993835,0.33284014792899996,0.028727929607831715
2025-07-30,0.004212648822396643,0.0021046599332354638,0.0030988928628507195,0.1296,0.02829430670339761
2025-09-17,0.9102162000344384,0.6417558032699525,0.869591813920755,0.4582247479289999,0.8323817061450619
2025-10-29,0.7814634008731263,0.5336851800627386,0.7496162695270739,0.19359999999999997,0.820004455335264
2025-12-10,0.035208054122722404,0.0022607972432015394,0.09556136400124322,0.0034866663040000003,0.03012345679012345
2026-01-28,0.007632308079101464,0.0017322136645598015,0.01158583258441412,0.0484,0.02968209342560553
2026-03-18,0.006705585731972738,0.001973127167518492,0.006746909091864178,0.002274526863999996,0.02925035963556931
2026-04-29,0.011397565350712454,0.0033804563822774913,0.007098644021675089,0.001600000000000003,0.028827977315689958
2026-06-10,0.02911304238706697,0.007831980114218899,0.04493460586448708,0.022500000000000006,0.028414678329279013
2026-07-15,0.019943381599759457,0.004488443709469128,0.019781522514418337,0.001600000000000003,0.028010204081632677
2026-09-02,0.0241005836384137,0.005209769504107101,0.022415301869505553,0.004132689796,0.02761430511543684
