origin_date,next_meeting,target_meeting,p_cut,p_hold,p_hike,method,corra_now,rate_after_next,rate_after_target,expected_move_pp,source,diagnostics
2025-01-01,2025-01-29,2025-03-12,0.489474,0.510526,0.0,meeting_month,3.31,3.115,2.9926,-0.1224,TMX Montreal Exchange COA (One-Month CORRA Futures) settlement + BoC Valet AVG.INTWO,"{""clamped"": false, ""leg1_diagnostics"": {""clamped"": false, ""corra_now"": 3.31, ""estimator_gap"": 0.27, ""meeting_month_move"": -0.465, ""meeting_month_open_interest"": 5.0, ""meeting_month_post_days"": 2, ""meeting_month_settle"": 96.72, ""meeting_month_symbol"": ""COAF25"", ""next_month_clean"": true, ""next_month_move"": -0.195, ""next_month_open_interest"": 300.0, ""next_month_settle"": 96.885, ""next_month_symbol"": ""COAG25"", ""quote_date"": ""2024-12-31""}, ""leg1_expected_move"": -0.195, ""leg1_method"": ""next_month"", ""meeting_month_move"": -0.1224, ""meeting_month_open_interest"": 0.0, ""meeting_month_post_days"": 19, ""meeting_month_settle"": 96.96, ""meeting_month_symbol"": ""COAH25"", ""next_month_clean"": false, ""quote_date"": ""2024-12-31""}"
2025-02-12,2025-03-12,2025-04-16,0.407368,0.592632,0.0,next_month,3.02,2.8568,2.755,-0.1018,TMX Montreal Exchange COA (One-Month CORRA Futures) settlement + BoC Valet AVG.INTWO,"{""clamped"": false, ""estimator_gap"": -0.0336, ""leg1_diagnostics"": {""clamped"": false, ""corra_now"": 3.02, ""meeting_month_move"": -0.1632, ""meeting_month_open_interest"": 500.0, ""meeting_month_post_days"": 19, ""meeting_month_settle"": 97.08, ""meeting_month_symbol"": ""COAH25"", ""next_month_clean"": false, ""quote_date"": ""2025-02-12""}, ""leg1_expected_move"": -0.1632, ""leg1_method"": ""meeting_month"", ""meeting_month_move"": -0.0682, ""meeting_month_open_interest"": 0.0, ""meeting_month_post_days"": 14, ""meeting_month_settle"": 97.175, ""meeting_month_symbol"": ""COAJ25"", ""next_month_clean"": true, ""next_month_move"": -0.1018, ""next_month_open_interest"": 0.0, ""next_month_settle"": 97.245, ""next_month_symbol"": ""COAK25"", ""quote_date"": ""2025-02-12""}"
2025-03-19,2025-04-16,2025-06-04,0.369231,0.630769,0.0,meeting_month,2.77,2.675,2.5827,-0.0923,TMX Montreal Exchange COA (One-Month CORRA Futures) settlement + BoC Valet AVG.INTWO,"{""clamped"": false, ""leg1_diagnostics"": {""clamped"": false, ""corra_now"": 2.77, ""estimator_gap"": 0.0121, ""meeting_month_move"": -0.1071, ""meeting_month_open_interest"": 200.0, ""meeting_month_post_days"": 14, ""meeting_month_settle"": 97.28, ""meeting_month_symbol"": ""COAJ25"", ""next_month_clean"": true, ""next_month_move"": -0.095, ""next_month_open_interest"": 100.0, ""next_month_settle"": 97.325, ""next_month_symbol"": ""COAK25"", ""quote_date"": ""2025-03-19""}, ""leg1_expected_move"": -0.095, ""leg1_method"": ""next_month"", ""meeting_month_move"": -0.0923, ""meeting_month_open_interest"": 0.0, ""meeting_month_post_days"": 26, ""meeting_month_settle"": 97.405, ""meeting_month_symbol"": ""COAM25"", ""next_month_clean"": false, ""quote_date"": ""2025-03-19""}"
2025-05-07,2025-06-04,2025-07-30,0.483077,0.516923,0.0,next_month,2.75,2.6058,2.485,-0.1208,TMX Montreal Exchange COA (One-Month CORRA Futures) settlement + BoC Valet AVG.INTWO,"{""clamped"": false, ""estimator_gap"": -0.0969, ""leg1_diagnostics"": {""clamped"": false, ""corra_now"": 2.75, ""meeting_month_move"": -0.1442, ""meeting_month_open_interest"": 0.0, ""meeting_month_post_days"": 26, ""meeting_month_settle"": 97.375, ""meeting_month_symbol"": ""COAM25"", ""next_month_clean"": false, ""quote_date"": ""2025-05-07""}, ""leg1_expected_move"": -0.1442, ""leg1_method"": ""meeting_month"", ""meeting_month_move"": -0.0238, ""meeting_month_open_interest"": 100.0, ""meeting_month_post_days"": 1, ""meeting_month_settle"": 97.395, ""meeting_month_symbol"": ""COAN25"", ""next_month_clean"": true, ""next_month_move"": -0.1208, ""next_month_open_interest"": 0.0, ""next_month_settle"": 97.515, ""next_month_symbol"": ""COAQ25"", ""quote_date"": ""2025-05-07""}"
2025-07-02,2025-07-30,2025-09-17,0.276923,0.723077,0.0,meeting_month,2.75,2.66,2.5908,-0.0692,TMX Montreal Exchange COA (One-Month CORRA Futures) settlement + BoC Valet AVG.INTWO,"{""clamped"": false, ""leg1_diagnostics"": {""clamped"": false, ""corra_now"": 2.75, ""estimator_gap"": -0.09, ""meeting_month_move"": 0.0, ""meeting_month_open_interest"": 100.0, ""meeting_month_post_days"": 1, ""meeting_month_settle"": 97.25, ""meeting_month_symbol"": ""COAN25"", ""next_month_clean"": true, ""next_month_move"": -0.09, ""next_month_open_interest"": 0.0, ""next_month_settle"": 97.34, ""next_month_symbol"": ""COAQ25"", ""quote_date"": ""2025-07-02""}, ""leg1_expected_move"": -0.09, ""leg1_method"": ""next_month"", ""meeting_month_move"": -0.0692, ""meeting_month_open_interest"": 100.0, ""meeting_month_post_days"": 13, ""meeting_month_settle"": 97.37, ""meeting_month_symbol"": ""COAU25"", ""next_month_clean"": false, ""quote_date"": ""2025-07-02""}"
2025-08-20,2025-09-17,2025-10-29,0.356923,0.643077,0.0,next_month,2.76,2.6792,2.59,-0.0892,TMX Montreal Exchange COA (One-Month CORRA Futures) settlement + BoC Valet AVG.INTWO,"{""clamped"": false, ""estimator_gap"": 0.2088, ""leg1_diagnostics"": {""clamped"": false, ""corra_now"": 2.76, ""meeting_month_move"": -0.0808, ""meeting_month_open_interest"": 100.0, ""meeting_month_post_days"": 13, ""meeting_month_settle"": 97.275, ""meeting_month_symbol"": ""COAU25"", ""next_month_clean"": false, ""quote_date"": ""2025-08-20""}, ""leg1_expected_move"": -0.0808, ""leg1_method"": ""meeting_month"", ""meeting_month_move"": -0.2981, ""meeting_month_open_interest"": 1.0, ""meeting_month_post_days"": 2, ""meeting_month_settle"": 97.34, ""meeting_month_symbol"": ""COAV25"", ""next_month_clean"": true, ""next_month_move"": -0.0892, ""next_month_open_interest"": 0.0, ""next_month_settle"": 97.41, ""next_month_symbol"": ""COAX25"", ""quote_date"": ""2025-08-20""}"
2025-10-01,2025-10-29,2025-12-10,0.413333,0.586667,0.0,meeting_month,2.56,2.42,2.3167,-0.1033,TMX Montreal Exchange COA (One-Month CORRA Futures) settlement + BoC Valet AVG.INTWO,"{""clamped"": false, ""leg1_diagnostics"": {""clamped"": false, ""corra_now"": 2.56, ""estimator_gap"": 0.2475, ""meeting_month_move"": -0.3875, ""meeting_month_open_interest"": 100.0, ""meeting_month_post_days"": 2, ""meeting_month_settle"": 97.465, ""meeting_month_symbol"": ""COAV25"", ""next_month_clean"": true, ""next_month_move"": -0.14, ""next_month_open_interest"": 100.0, ""next_month_settle"": 97.58, ""next_month_symbol"": ""COAX25"", ""quote_date"": ""2025-10-01""}, ""leg1_expected_move"": -0.14, ""leg1_method"": ""next_month"", ""meeting_month_move"": -0.1033, ""meeting_month_open_interest"": 0.0, ""meeting_month_post_days"": 21, ""meeting_month_settle"": 97.65, ""meeting_month_symbol"": ""COAZ25"", ""next_month_clean"": false, ""quote_date"": ""2025-10-01""}"
2025-11-12,2025-12-10,2026-01-28,0.120952,0.879048,0.0,next_month,2.27,2.2552,2.225,-0.0302,TMX Montreal Exchange COA (One-Month CORRA Futures) settlement + BoC Valet AVG.INTWO,"{""clamped"": false, ""estimator_gap"": 0.0239, ""leg1_diagnostics"": {""clamped"": false, ""corra_now"": 2.27, ""meeting_month_move"": -0.0148, ""meeting_month_open_interest"": 92.0, ""meeting_month_post_days"": 21, ""meeting_month_settle"": 97.74, ""meeting_month_symbol"": ""COAZ25"", ""next_month_clean"": false, ""quote_date"": ""2025-11-12""}, ""leg1_expected_move"": -0.0148, ""leg1_method"": ""meeting_month"", ""meeting_month_move"": -0.0541, ""meeting_month_open_interest"": 1.0, ""meeting_month_post_days"": 3, ""meeting_month_settle"": 97.75, ""meeting_month_symbol"": ""COAF26"", ""next_month_clean"": true, ""next_month_move"": -0.0302, ""next_month_open_interest"": 7.0, ""next_month_settle"": 97.775, ""next_month_symbol"": ""COAG26"", ""quote_date"": ""2025-11-12""}"
2025-12-31,2026-01-28,2026-03-18,0.0,0.904615,0.095385,meeting_month,2.3,2.245,2.2688,0.0238,TMX Montreal Exchange COA (One-Month CORRA Futures) settlement + BoC Valet AVG.INTWO,"{""clamped"": false, ""leg1_diagnostics"": {""clamped"": false, ""corra_now"": 2.3, ""estimator_gap"": 0.3067, ""meeting_month_move"": -0.3617, ""meeting_month_open_interest"": 213.0, ""meeting_month_post_days"": 3, ""meeting_month_settle"": 97.735, ""meeting_month_symbol"": ""COAF26"", ""next_month_clean"": true, ""next_month_move"": -0.055, ""next_month_open_interest"": 456.0, ""next_month_settle"": 97.755, ""next_month_symbol"": ""COAG26"", ""quote_date"": ""2025-12-31""}, ""leg1_expected_move"": -0.055, ""leg1_method"": ""next_month"", ""meeting_month_move"": 0.0238, ""meeting_month_open_interest"": 154.0, ""meeting_month_post_days"": 13, ""meeting_month_settle"": 97.745, ""meeting_month_symbol"": ""COAH26"", ""next_month_clean"": false, ""quote_date"": ""2025-12-31""}"
2026-02-18,2026-03-18,2026-04-29,0.167692,0.832308,0.0,next_month,2.25,2.2619,2.22,-0.0419,TMX Montreal Exchange COA (One-Month CORRA Futures) settlement + BoC Valet AVG.INTWO,"{""clamped"": false, ""estimator_gap"": 0.6158, ""leg1_diagnostics"": {""clamped"": false, ""corra_now"": 2.25, ""meeting_month_move"": 0.0119, ""meeting_month_open_interest"": 334.0, ""meeting_month_post_days"": 13, ""meeting_month_settle"": 97.745, ""meeting_month_symbol"": ""COAH26"", ""next_month_clean"": false, ""quote_date"": ""2026-02-18""}, ""leg1_expected_move"": 0.0119, ""leg1_method"": ""meeting_month"", ""meeting_month_move"": -0.6577, ""meeting_month_open_interest"": 136.0, ""meeting_month_post_days"": 1, ""meeting_month_settle"": 97.76, ""meeting_month_symbol"": ""COAJ26"", ""next_month_clean"": true, ""next_month_move"": -0.0419, ""next_month_open_interest"": 195.0, ""next_month_settle"": 97.78, ""next_month_symbol"": ""COAK26"", ""quote_date"": ""2026-02-18""}"
2026-04-01,2026-04-29,2026-06-10,0.0,0.88,0.12,meeting_month,2.27,2.28,2.31,0.03,TMX Montreal Exchange COA (One-Month CORRA Futures) settlement + BoC Valet AVG.INTWO,"{""clamped"": false, ""leg1_diagnostics"": {""clamped"": false, ""corra_now"": 2.27, ""estimator_gap"": 0.085, ""meeting_month_move"": -0.075, ""meeting_month_open_interest"": 239.0, ""meeting_month_post_days"": 1, ""meeting_month_settle"": 97.7325, ""meeting_month_symbol"": ""COAJ26"", ""next_month_clean"": true, ""next_month_move"": 0.01, ""next_month_open_interest"": 188.0, ""next_month_settle"": 97.72, ""next_month_symbol"": ""COAK26"", ""quote_date"": ""2026-04-01""}, ""leg1_expected_move"": 0.01, ""leg1_method"": ""next_month"", ""meeting_month_move"": 0.03, ""meeting_month_open_interest"": 189.0, ""meeting_month_post_days"": 20, ""meeting_month_settle"": 97.7, ""meeting_month_symbol"": ""COAM26"", ""next_month_clean"": false, ""quote_date"": ""2026-04-01""}"
2026-05-13,2026-06-10,2026-07-15,0.0,0.81,0.19,next_month,2.25,2.2875,2.335,0.0475,TMX Montreal Exchange COA (One-Month CORRA Futures) settlement + BoC Valet AVG.INTWO,"{""clamped"": false, ""estimator_gap"": 0.0039, ""leg1_diagnostics"": {""clamped"": false, ""corra_now"": 2.25, ""meeting_month_move"": 0.0375, ""meeting_month_open_interest"": 241.0, ""meeting_month_post_days"": 20, ""meeting_month_settle"": 97.725, ""meeting_month_symbol"": ""COAM26"", ""next_month_clean"": false, ""quote_date"": ""2026-05-13""}, ""leg1_expected_move"": 0.0375, ""leg1_method"": ""meeting_month"", ""meeting_month_move"": 0.0436, ""meeting_month_open_interest"": 86.0, ""meeting_month_post_days"": 16, ""meeting_month_settle"": 97.69, ""meeting_month_symbol"": ""COAN26"", ""next_month_clean"": true, ""next_month_move"": 0.0475, ""next_month_open_interest"": 170.0, ""next_month_settle"": 97.665, ""next_month_symbol"": ""COAQ26"", ""quote_date"": ""2026-05-13""}"
2026-06-17,2026-07-15,2026-09-02,0.0,0.892857,0.107143,meeting_month,2.27,2.28,2.3068,0.0268,TMX Montreal Exchange COA (One-Month CORRA Futures) settlement + BoC Valet AVG.INTWO,"{""clamped"": false, ""leg1_diagnostics"": {""clamped"": false, ""corra_now"": 2.27, ""estimator_gap"": 0.0003, ""meeting_month_move"": 0.0097, ""meeting_month_open_interest"": 83.0, ""meeting_month_post_days"": 16, ""meeting_month_settle"": 97.725, ""meeting_month_symbol"": ""COAN26"", ""next_month_clean"": true, ""next_month_move"": 0.01, ""next_month_open_interest"": 95.0, ""next_month_settle"": 97.72, ""next_month_symbol"": ""COAQ26"", ""quote_date"": ""2026-06-17""}, ""leg1_expected_move"": 0.01, ""leg1_method"": ""next_month"", ""meeting_month_move"": 0.0268, ""meeting_month_open_interest"": 731.0, ""meeting_month_post_days"": 28, ""meeting_month_settle"": 97.695, ""meeting_month_symbol"": ""COAU26"", ""next_month_clean"": false, ""quote_date"": ""2026-06-17""}"
