subset,predictor_id,n_meetings,mean_rps,skill_vs_market
all,categorical_frequency,13,0.2182,-0.406
all,boc_logistic_macro,13,0.1838,-0.1844
all,boc_logistic_macro_text,13,0.1698,-0.0943
all,market_implied_t2,13,0.1552,0.0
moves (cut or hike),categorical_frequency,3,0.8526,-1.1369
moves (cut or hike),boc_logistic_macro,3,0.6588,-0.6512
moves (cut or hike),boc_logistic_macro_text,3,0.6761,-0.6946
moves (cut or hike),market_implied_t2,3,0.399,0.0
holds,categorical_frequency,10,0.0278,0.6606
holds,boc_logistic_macro,10,0.0413,0.4966
holds,boc_logistic_macro_text,10,0.0179,0.7816
holds,market_implied_t2,10,0.082,0.0
