target_meeting,categorical_frequency,boc_logistic_macro,boc_logistic_macro_text,market_implied_t2
2025-03-12,0.8688077376154753,0.18210278770074545,0.414112337290375,0.26063679667600004
2025-04-16,0.02716064453125,0.18694933493820792,0.013615814240947127,0.165948687424
2025-06-04,0.02812330989724176,0.06594682802556989,0.015860030768452653,0.13633153136099999
2025-07-30,0.02769230769230768,0.021068132065420016,0.011717541074148173,0.23336338792899997
2025-09-17,0.8440650311753394,0.8827047809132768,0.8930086767166875,0.5228403479289999
2025-10-29,0.8450413223140495,0.9116633168146845,0.7213197493292773,0.41354802792900003
2025-12-10,0.027870427949573208,0.010134115016124434,0.03335080104821501,0.170844168889
2026-01-28,0.028959679215861005,0.01576162587540945,0.005013001427152992,0.014629386304000002
2026-03-18,0.02853223593964334,0.010261629773981842,0.011016068573589399,0.00909829822500001
2026-04-29,0.028114186851211094,0.008269681998999277,0.006685367624390811,0.028120606864000003
2026-06-10,0.027705258671213186,0.014514999266850116,0.012617575099890185,0.0144
2026-07-15,0.027305187985717294,0.045940232082876176,0.040924644656087986,0.03609999999999998
2026-09-02,0.02691372082190362,0.03408254190119258,0.02834131215642418,0.011479622448999997
